id,title,url_key,short_content,content,author_name,status,created_at,updated_at,publish_at,is_allow_comments,meta_title,meta_description,product_condition,query
1,"""Book Signing ""","""must-have-magento-extensions""","""Book Signing of Ones Man's Folly ""","""Join us for a book signing of One Man's Folly with Furlow Gatewood September 25, 2014 12-2pm Meet & Greet with Cocktails 4:30-6pm""","""BRAD WEITZ""","""draft""","""2014-09-25 19:28:00""","""2014-10-07 20:21:12""","""2014-09-25 19:28:00""",1,"""Book Signing ""","""Book Signing ""","""""","insert into aw_blog_post values(1, ""Book Signing "", ""must-have-magento-extensions"", ""Book Signing of Ones Man's Folly "", ""Join us for a book signing of One Man's Folly with Furlow Gatewood September 25, 2014 12-2pm Meet & Greet with Cocktails 4:30-6pm"", ""BRAD WEITZ"", ""draft"", ""2014-09-25 19:28:00"", ""2014-10-07 20:21:12"", ""2014-09-25 19:28:00"", 1, ""Book Signing "", ""Book Signing "", """")"
3,"""Charlotte October Events ""","""sidewallk0""","""""","""October 22, 2014 Paint & Sip with Michele Harvey Collins 
October 25, 2014 Safia Jewelry Trunk Show ""","""joshua li""","""draft""","""2014-09-03 13:41:00""","""2014-10-10 19:37:58""","""2014-09-03 13:41:00""",1,"""Charlotte October Events ""","""Charlotte October Events ""","""""","insert into aw_blog_post values(3, ""Charlotte October Events "", ""sidewallk0"", """", ""October 22, 2014 Paint & Sip with Michele Harvey Collins 
October 25, 2014 Safia Jewelry Trunk Show "", ""joshua li"", ""draft"", ""2014-09-03 13:41:00"", ""2014-10-10 19:37:58"", ""2014-09-03 13:41:00"", 1, ""Charlotte October Events "", ""Charlotte October Events "", """")"
4,"""Atlanta October Events ""","""slidewalk2""","""""","""October 24th & 25th Arts Show featuring Kitty Williams and Trunk Show featuring Brackish Bowties. ""","""joshua li""","""draft""","""2014-09-04 13:42:00""","""2014-10-10 19:37:42""","""2014-09-04 13:42:00""",1,"""Atlanta October Events ""","""Atlanta October Events ""","""""","insert into aw_blog_post values(4, ""Atlanta October Events "", ""slidewalk2"", """", ""October 24th & 25th Arts Show featuring Kitty Williams and Trunk Show featuring Brackish Bowties. "", ""joshua li"", ""draft"", ""2014-09-04 13:42:00"", ""2014-10-10 19:37:42"", ""2014-09-04 13:42:00"", 1, ""Atlanta October Events "", ""Atlanta October Events "", """")"
5,"""Book Signing ""","""sidewalk1""","""Book Sighing of One Man's Folly with Furlow Gatewood September 25, 2014 12-2pm & Meet and Greet with Cocktails 4:30-6pm ""","""Book Sighing of One Man's Folly with Furlow Gatewood September 25, 2014 12-2pm & Meet and Greet with Cocktails 4:30-6pm ""","""joshua li""","""publication""","""2014-09-19 12:20:00""","""2014-09-19 16:52:48""","""2014-09-19 12:20:00""",0,"""Book Signing ""","""Book Signing ""","""""","insert into aw_blog_post values(5, ""Book Signing "", ""sidewalk1"", ""Book Sighing of One Man's Folly with Furlow Gatewood September 25, 2014 12-2pm & Meet and Greet with Cocktails 4:30-6pm "", ""Book Sighing of One Man's Folly with Furlow Gatewood September 25, 2014 12-2pm & Meet and Greet with Cocktails 4:30-6pm "", ""joshua li"", ""publication"", ""2014-09-19 12:20:00"", ""2014-09-19 16:52:48"", ""2014-09-19 12:20:00"", 0, ""Book Signing "", ""Book Signing "", """")"
6,"""Fall Fashion Trunk Show ""","""sidewalk""","""Fall Fashion Trunk Show ""","""Fall Fashion Trunk Featuring GiGi New York , Alashan Cashmere and Stone Jewelry by Cheri Coyle. September 12th & 13th from 10-6pm ""","""joshua li""","""publication""","""2014-09-01 13:44:00""","""2014-09-19 18:04:22""","""2014-09-01 13:44:00""",1,"""Fall Fashion Trunk Show ""","""Fall Fashion Trunk Show ""","""""","insert into aw_blog_post values(6, ""Fall Fashion Trunk Show "", ""sidewalk"", ""Fall Fashion Trunk Show "", ""Fall Fashion Trunk Featuring GiGi New York , Alashan Cashmere and Stone Jewelry by Cheri Coyle. September 12th & 13th from 10-6pm "", ""joshua li"", ""publication"", ""2014-09-01 13:44:00"", ""2014-09-19 18:04:22"", ""2014-09-01 13:44:00"", 1, ""Fall Fashion Trunk Show "", ""Fall Fashion Trunk Show "", """")"
7,"""Art Exhibit with Susanne Carmack Oct 9-10""","""1bdj""","""""","""Art Exhibit with Susanne Carmack October 9-10""","""BRAD WEITZ""","""publication""","""2014-10-02 20:30:00""","""2014-10-10 19:13:36""","""2014-10-02 20:30:00""",0,"""Art Exhibit with Susanne Carmack Oct 9-10""","""Art Exhibit with Susanne Carmack Oct 9-10""","""""","insert into aw_blog_post values(7, ""Art Exhibit with Susanne Carmack Oct 9-10"", ""1bdj"", """", ""Art Exhibit with Susanne Carmack October 9-10"", ""BRAD WEITZ"", ""publication"", ""2014-10-02 20:30:00"", ""2014-10-10 19:13:36"", ""2014-10-02 20:30:00"", 0, ""Art Exhibit with Susanne Carmack Oct 9-10"", ""Art Exhibit with Susanne Carmack Oct 9-10"", """")"
8,"""Book Signing Oct 23 in Atlanta""","""2bdj""","""Book Signing by Norman Adkins Inspired by Traditions""","""Book Signing by Norman Adkins Inspired by Traditions October 23rd from 12-3pm Atlanta location ""","""BRAD WEITZ""","""publication""","""2014-10-08 18:39:00""","""2014-10-10 19:13:08""","""2014-10-08 18:39:00""",0,"""Book Signing Oct 23 in Atlanta""","""Book Signing Oct 23 in Atlanta""","""""","insert into aw_blog_post values(8, ""Book Signing Oct 23 in Atlanta"", ""2bdj"", ""Book Signing by Norman Adkins Inspired by Traditions"", ""Book Signing by Norman Adkins Inspired by Traditions October 23rd from 12-3pm Atlanta location "", ""BRAD WEITZ"", ""publication"", ""2014-10-08 18:39:00"", ""2014-10-10 19:13:08"", ""2014-10-08 18:39:00"", 0, ""Book Signing Oct 23 in Atlanta"", ""Book Signing Oct 23 in Atlanta"", """")"
9,"""Paint & Sip with Michele Harvey Collins Oct.22 Charlotte ""","""3bdj""","""Paint & Sip with Michele Harvey Collins Oct.22 from 6-9pm Charlotte.""","""<p style=""text-align: left;"">Paint &amp; Sip with Michele Harvey Collins Oct.22 from 6-9pm Charlotte. Workshop participants will receive personal instruction from the artist and will enjoy 20% off one item in store. Attendees will be able to take home their creations at the end of the evening!</p>""","""BRAD WEITZ""","""publication""","""2014-10-03 18:54:00""","""2014-10-13 15:14:13""","""2014-10-03 18:54:00""",0,"""Paint & Sip with Michele Harvey Collins Oct.22 Charlotte ""","""Paint & Sip with Michele Harvey Collins Oct.22 Charlotte ""","""""","insert into aw_blog_post values(9, ""Paint & Sip with Michele Harvey Collins Oct.22 Charlotte "", ""3bdj"", ""Paint & Sip with Michele Harvey Collins Oct.22 from 6-9pm Charlotte."", ""<p style=""text-align: left;"">Paint &amp; Sip with Michele Harvey Collins Oct.22 from 6-9pm Charlotte. Workshop participants will receive personal instruction from the artist and will enjoy 20% off one item in store. Attendees will be able to take home their creations at the end of the evening!</p>"", ""BRAD WEITZ"", ""publication"", ""2014-10-03 18:54:00"", ""2014-10-13 15:14:13"", ""2014-10-03 18:54:00"", 0, ""Paint & Sip with Michele Harvey Collins Oct.22 Charlotte "", ""Paint & Sip with Michele Harvey Collins Oct.22 Charlotte "", """")"
10,"""Jewelry Trunk Show featuring Safia Oct 25th Charlotte ""","""4bdj""","""Jewelry Trunk Show featuring Safia ""","""Jewelry Trunk Show featuring Safia October 25th Charlotte ""","""BRAD WEITZ""","""publication""","""2014-10-10 19:16:51""","""2014-10-13 14:17:47""","""2014-10-10 19:16:51""",0,"""Jewelry Trunk Show featuring Safia Oct 25th Charlotte ""","""Jewelry Trunk Show featuring Safia Oct 25th Charlotte ""","""""","insert into aw_blog_post values(10, ""Jewelry Trunk Show featuring Safia Oct 25th Charlotte "", ""4bdj"", ""Jewelry Trunk Show featuring Safia "", ""Jewelry Trunk Show featuring Safia October 25th Charlotte "", ""BRAD WEITZ"", ""publication"", ""2014-10-10 19:16:51"", ""2014-10-13 14:17:47"", ""2014-10-10 19:16:51"", 0, ""Jewelry Trunk Show featuring Safia Oct 25th Charlotte "", ""Jewelry Trunk Show featuring Safia Oct 25th Charlotte "", """")"
11,"""Kitty William Art Show & Brackish Bowties Oct 24-25 Atlanta""","""5bdj""","""Kitty William Art Show & Brackish Bowties Atlanta""","""Kitty William Art Show Oct. 24-25 & Brackish Bowties Oct 25 Atlanta ""","""BRAD WEITZ""","""publication""","""2014-10-10 19:31:02""","""2014-10-15 16:11:36""","""2014-10-10 19:31:02""",0,"""Kitty William Art Show & Brackish Bowties Oct 24-25 Atlanta""","""Kitty William Art Show & Brackish Bowties Oct 24-25 Atlanta""","""""","insert into aw_blog_post values(11, ""Kitty William Art Show & Brackish Bowties Oct 24-25 Atlanta"", ""5bdj"", ""Kitty William Art Show & Brackish Bowties Atlanta"", ""Kitty William Art Show Oct. 24-25 & Brackish Bowties Oct 25 Atlanta "", ""BRAD WEITZ"", ""publication"", ""2014-10-10 19:31:02"", ""2014-10-15 16:11:36"", ""2014-10-10 19:31:02"", 0, ""Kitty William Art Show & Brackish Bowties Oct 24-25 Atlanta"", ""Kitty William Art Show & Brackish Bowties Oct 24-25 Atlanta"", """")"
12,"""Book Signing Living Newport Oct 29 Atlanta ""","""6bdj""","""Book Signing Living Newport Oct 29 Atlanta ""","""Book Signing by Bettie Bearden Pardee Living Newport Oct 29 Atlanta""","""BRAD WEITZ""","""publication""","""2014-10-10 19:36:16""","""2014-10-15 15:41:46""","""2014-10-10 19:36:16""",0,"""Book Signing Living Newport Oct 29 Atlanta ""","""Book Signing Living Newport Oct 29 Atlanta ""","""""","insert into aw_blog_post values(12, ""Book Signing Living Newport Oct 29 Atlanta "", ""6bdj"", ""Book Signing Living Newport Oct 29 Atlanta "", ""Book Signing by Bettie Bearden Pardee Living Newport Oct 29 Atlanta"", ""BRAD WEITZ"", ""publication"", ""2014-10-10 19:36:16"", ""2014-10-15 15:41:46"", ""2014-10-10 19:36:16"", 0, ""Book Signing Living Newport Oct 29 Atlanta "", ""Book Signing Living Newport Oct 29 Atlanta "", """")"
13,"""Charlotte November Events""","""8bdjc""","""""","""16th Anniversary Sale, Ronda Smith Jewelry Trunk Show, Nancy Braithwaite Book Signing and Moore & Giles Trunk Show  ""","""BRAD WEITZ""","""publication""","""2014-11-07 16:52:38""","""2014-11-07 17:14:18""","""2014-11-07 16:52:38""",0,"""Charlotte November Events""","""Charlotte November Events""","""""","insert into aw_blog_post values(13, ""Charlotte November Events"", ""8bdjc"", """", ""16th Anniversary Sale, Ronda Smith Jewelry Trunk Show, Nancy Braithwaite Book Signing and Moore & Giles Trunk Show  "", ""BRAD WEITZ"", ""publication"", ""2014-11-07 16:52:38"", ""2014-11-07 17:14:18"", ""2014-11-07 16:52:38"", 0, ""Charlotte November Events"", ""Charlotte November Events"", """")"
14,"""Book Signing Simplicity by Nancy Braithwaite Nov. 8th Charlotte ""","""bdjc9""","""""","""Book Signing Simplicity by Nancy Braithwaite November 8th 1- 4pm""","""BRAD WEITZ""","""publication""","""2014-11-07 17:17:31""","""2014-11-07 17:18:11""","""2014-11-07 17:17:31""",0,"""Book Signing Simplicity by Nancy Braithwaite Nov. 8th Charlotte ""","""Book Signing Simplicity by Nancy Braithwaite Nov. 8th Charlotte ""","""""","insert into aw_blog_post values(14, ""Book Signing Simplicity by Nancy Braithwaite Nov. 8th Charlotte "", ""bdjc9"", """", ""Book Signing Simplicity by Nancy Braithwaite November 8th 1- 4pm"", ""BRAD WEITZ"", ""publication"", ""2014-11-07 17:17:31"", ""2014-11-07 17:18:11"", ""2014-11-07 17:17:31"", 0, ""Book Signing Simplicity by Nancy Braithwaite Nov. 8th Charlotte "", ""Book Signing Simplicity by Nancy Braithwaite Nov. 8th Charlotte "", """")"
15,"""Atlanta November Events ""","""bdja9""","""""","""Fashion Jewelry Trunk Show and Book Signing ""","""BRAD WEITZ""","""publication""","""2014-11-07 17:20:21""","""2014-11-07 17:20:55""","""2014-11-07 17:20:21""",0,"""Atlanta November Events ""","""Atlanta November Events ""","""""","insert into aw_blog_post values(15, ""Atlanta November Events "", ""bdja9"", """", ""Fashion Jewelry Trunk Show and Book Signing "", ""BRAD WEITZ"", ""publication"", ""2014-11-07 17:20:21"", ""2014-11-07 17:20:55"", ""2014-11-07 17:20:21"", 0, ""Atlanta November Events "", ""Atlanta November Events "", """")"
16,"""Charlotte Valentines Day Trunk Shows February 13th - 14th ""","""chrvdy15""","""Charlotte Valentines Day Trunk Shows ""","""Charlotte Valentines Day Trunk Shows ""","""BRAD WEITZ""","""publication""","""2015-02-09 18:48:54""","""2015-02-09 18:52:39""","""2015-02-09 18:48:54""",0,"""Charlotte Valentines Day Trunk Shows February 13th - 14th ""","""Charlotte Valentines Day Trunk Shows February 13th - 14th ""","""""","insert into aw_blog_post values(16, ""Charlotte Valentines Day Trunk Shows February 13th - 14th "", ""chrvdy15"", ""Charlotte Valentines Day Trunk Shows "", ""Charlotte Valentines Day Trunk Shows "", ""BRAD WEITZ"", ""publication"", ""2015-02-09 18:48:54"", ""2015-02-09 18:52:39"", ""2015-02-09 18:48:54"", 0, ""Charlotte Valentines Day Trunk Shows February 13th - 14th "", ""Charlotte Valentines Day Trunk Shows February 13th - 14th "", """")"
17,"""Atlanta Valentines Day Trunk Shows February 13th - 14th ""","""atlvday15""","""Atlanta Valentines Day Trunk Shows February 13th - 14th ""","""Atlanta Valentines Day Trunk Shows February 13th - 14th ""","""BRAD WEITZ""","""publication""","""2015-02-09 18:56:29""","""2015-02-09 19:01:10""","""2015-02-09 18:56:29""",0,"""Atlanta Valentines Day Trunk Shows February 13th - 14th ""","""Atlanta Valentines Day Trunk Shows February 13th - 14th ""","""""","insert into aw_blog_post values(17, ""Atlanta Valentines Day Trunk Shows February 13th - 14th "", ""atlvday15"", ""Atlanta Valentines Day Trunk Shows February 13th - 14th "", ""Atlanta Valentines Day Trunk Shows February 13th - 14th "", ""BRAD WEITZ"", ""publication"", ""2015-02-09 18:56:29"", ""2015-02-09 19:01:10"", ""2015-02-09 18:56:29"", 0, ""Atlanta Valentines Day Trunk Shows February 13th - 14th "", ""Atlanta Valentines Day Trunk Shows February 13th - 14th "", """")"
18,"""Charlotte Art Exhibit & Trunk Show ""","""Char15""","""Charlotte Art Exhibit featuring Erik Knight & Trunk Show featuring Piper Collection Pillows !""","""""","""BRAD WEITZ""","""publication""","""2015-03-19 20:34:22""","""2015-03-19 20:45:25""","""2015-03-19 20:34:22""",0,"""Charlotte Art Exhibit & Trunk Show ""","""Charlotte Art Exhibit & Trunk Show ""","""""","insert into aw_blog_post values(18, ""Charlotte Art Exhibit & Trunk Show "", ""Char15"", ""Charlotte Art Exhibit featuring Erik Knight & Trunk Show featuring Piper Collection Pillows !"", """", ""BRAD WEITZ"", ""publication"", ""2015-03-19 20:34:22"", ""2015-03-19 20:45:25"", ""2015-03-19 20:34:22"", 0, ""Charlotte Art Exhibit & Trunk Show "", ""Charlotte Art Exhibit & Trunk Show "", """")"
19,"""Atlanta Art Exhibit Featuring Kitty Williams ""","""Atl15""","""Art Exhibit featuring Kitty Williams !""","""""","""BRAD WEITZ""","""publication""","""2015-03-19 20:37:03""","""2015-03-19 21:40:57""","""2015-03-19 20:37:03""",0,"""Atlanta Art Exhibit Featuring Kitty Williams ""","""Atlanta Art Exhibit Featuring Kitty Williams ""","""""","insert into aw_blog_post values(19, ""Atlanta Art Exhibit Featuring Kitty Williams "", ""Atl15"", ""Art Exhibit featuring Kitty Williams !"", """", ""BRAD WEITZ"", ""publication"", ""2015-03-19 20:37:03"", ""2015-03-19 21:40:57"", ""2015-03-19 20:37:03"", 0, ""Atlanta Art Exhibit Featuring Kitty Williams "", ""Atlanta Art Exhibit Featuring Kitty Williams "", """")"
20,"""Derby Day! Moore Giles Trunk Show ""","""atl16""","""We cordially invite you to attend our Derby Day Festivities. May 2nd  & 3rd.
 Enjoy mint juleps as you browse our Moore & Giles trunk show of fine leather bags & accessories. *** Receive a set of four mint julep cups with any Moore & Giles purchase over $ 200. Bring your pet or a photo and commission a custom portrait by talented artist Meredith Gillespie.   ""","""<img src=""{{media url=""wysiwyg/mooregiles_derby_day_front.jpg""}}"" alt="""" />""","""BRAD WEITZ""","""publication""","""2015-04-21 14:33:22""","""2015-04-21 14:46:27""","""2015-04-21 14:33:22""",0,"""Derby Day! Moore Giles Trunk Show ""","""Derby Day! Moore Giles Trunk Show ""","""""","insert into aw_blog_post values(20, ""Derby Day! Moore Giles Trunk Show "", ""atl16"", ""We cordially invite you to attend our Derby Day Festivities. May 2nd  & 3rd.
 Enjoy mint juleps as you browse our Moore & Giles trunk show of fine leather bags & accessories. *** Receive a set of four mint julep cups with any Moore & Giles purchase over $ 200. Bring your pet or a photo and commission a custom portrait by talented artist Meredith Gillespie.   "", ""<img src=""{{media url=""wysiwyg/mooregiles_derby_day_front.jpg""}}"" alt="""" />"", ""BRAD WEITZ"", ""publication"", ""2015-04-21 14:33:22"", ""2015-04-21 14:46:27"", ""2015-04-21 14:33:22"", 0, ""Derby Day! Moore Giles Trunk Show "", ""Derby Day! Moore Giles Trunk Show "", """")"
21,"""Spivey Cufflink Trunk Show June 5th & 6th ""","""2spivey""","""Find Something Fabulous for Father's Day ! Trunk Show featuring Spivey June 5th -6th ""","""<img src=""{{media url=""wysiwyg/spiveytrunkfinalmay19.jpg""}}"" alt="""" />""","""BRAD WEITZ""","""publication""","""2015-05-19 15:23:08""","""2015-05-21 17:46:29""","""2015-05-19 15:23:08""",0,"""Spivey Cufflink Trunk Show June 5th & 6th ""","""Spivey Cufflink Trunk Show June 5th & 6th ""","""""","insert into aw_blog_post values(21, ""Spivey Cufflink Trunk Show June 5th & 6th "", ""2spivey"", ""Find Something Fabulous for Father's Day ! Trunk Show featuring Spivey June 5th -6th "", ""<img src=""{{media url=""wysiwyg/spiveytrunkfinalmay19.jpg""}}"" alt="""" />"", ""BRAD WEITZ"", ""publication"", ""2015-05-19 15:23:08"", ""2015-05-21 17:46:29"", ""2015-05-19 15:23:08"", 0, ""Spivey Cufflink Trunk Show June 5th & 6th "", ""Spivey Cufflink Trunk Show June 5th & 6th "", """")"
22,"""Moore & Giles and Brackish Bow Ties Trunk Show June 5th & 6th ""","""mg5""","""<p>Father's Day Trunk Show feaurting Moore &amp; GIles and Brackish Bow Ties June 5th &amp; 6th</p>""","""<img src=""{{media url=""wysiwyg/charlottemooregilestestnewmay21.jpg""}}"" alt="""" />""","""BRAD WEITZ""","""publication""","""2015-05-21 17:44:36""","""2015-05-26 15:54:16""","""2015-05-21 17:44:36""",0,"""Moore & Giles and Brackish Bow Ties Trunk Show June 5th & 6th ""","""Moore & Giles and Brackish Bow Ties Trunk Show June 5th & 6th ""","""""","insert into aw_blog_post values(22, ""Moore & Giles and Brackish Bow Ties Trunk Show June 5th & 6th "", ""mg5"", ""<p>Father's Day Trunk Show feaurting Moore &amp; GIles and Brackish Bow Ties June 5th &amp; 6th</p>"", ""<img src=""{{media url=""wysiwyg/charlottemooregilestestnewmay21.jpg""}}"" alt="""" />"", ""BRAD WEITZ"", ""publication"", ""2015-05-21 17:44:36"", ""2015-05-26 15:54:16"", ""2015-05-21 17:44:36"", 0, ""Moore & Giles and Brackish Bow Ties Trunk Show June 5th & 6th "", ""Moore & Giles and Brackish Bow Ties Trunk Show June 5th & 6th "", """")"
23,"""15th Annual Summer Sidewalk Sale ! ""","""sale15""","""15th Annual Summer Sidewalk Sale ""","""15th Annual Summer Sidewalk Sale ! 
<img src=""{{media url=""wysiwyg/sidewalksalescard2015small.jpg""}}"" alt="""" />""","""BRAD WEITZ""","""publication""","""2015-07-02 14:59:29""","""2015-07-02 15:05:48""","""2015-07-02 14:59:29""",0,"""15th Annual Summer Sidewalk Sale ! ""","""15th Annual Summer Sidewalk Sale ! ""","""""","insert into aw_blog_post values(23, ""15th Annual Summer Sidewalk Sale ! "", ""sale15"", ""15th Annual Summer Sidewalk Sale "", ""15th Annual Summer Sidewalk Sale ! 
<img src=""{{media url=""wysiwyg/sidewalksalescard2015small.jpg""}}"" alt="""" />"", ""BRAD WEITZ"", ""publication"", ""2015-07-02 14:59:29"", ""2015-07-02 15:05:48"", ""2015-07-02 14:59:29"", 0, ""15th Annual Summer Sidewalk Sale ! "", ""15th Annual Summer Sidewalk Sale ! "", """")"
24,"""Art & Design ""","""24new""","""Art & Design Book signing with Barbara Westbrook and Art Exhibit featuring Carrie Penley and Jan Ingols ""","""Art & Design Book signing with Barbara Westbrook and Art Exhibit featuring Carrie Penley and Jan Ingols <img src=""{{media url=""wysiwyg/barbarawestbrookbooksigning.jpg""}}"" alt="""" />""","""BRAD WEITZ""","""publication""","""2015-08-28 22:03:16""","""2015-08-28 22:06:01""","""2015-08-28 22:03:16""",0,"""Art & Design ""","""Art & Design ""","""""","insert into aw_blog_post values(24, ""Art & Design "", ""24new"", ""Art & Design Book signing with Barbara Westbrook and Art Exhibit featuring Carrie Penley and Jan Ingols "", ""Art & Design Book signing with Barbara Westbrook and Art Exhibit featuring Carrie Penley and Jan Ingols <img src=""{{media url=""wysiwyg/barbarawestbrookbooksigning.jpg""}}"" alt="""" />"", ""BRAD WEITZ"", ""publication"", ""2015-08-28 22:03:16"", ""2015-08-28 22:06:01"", ""2015-08-28 22:03:16"", 0, ""Art & Design "", ""Art & Design "", """")"
25,"""Art Exhibit & Jewlery Trunk Show Charlotte Store ""","""25I""","""Art Exhibit & Jewlery Trunk Show ""","""<img src=""{{media url=""wysiwyg/socail_media_artshowsm.jpg""}}"" alt="""" />""","""BRAD WEITZ""","""publication""","""2015-10-16 17:16:23""","""2015-10-16 17:22:18""","""2015-10-16 17:16:23""",0,"""Art Exhibit & Jewlery Trunk Show Charlotte Store ""","""Art Exhibit & Jewlery Trunk Show Charlotte Store ""","""""","insert into aw_blog_post values(25, ""Art Exhibit & Jewlery Trunk Show Charlotte Store "", ""25I"", ""Art Exhibit & Jewlery Trunk Show "", ""<img src=""{{media url=""wysiwyg/socail_media_artshowsm.jpg""}}"" alt="""" />"", ""BRAD WEITZ"", ""publication"", ""2015-10-16 17:16:23"", ""2015-10-16 17:22:18"", ""2015-10-16 17:16:23"", 0, ""Art Exhibit & Jewlery Trunk Show Charlotte Store "", ""Art Exhibit & Jewlery Trunk Show Charlotte Store "", """")"
26,"""Moore & Giles and Peter Millar Trunk Show Atlanta ""","""26i""","""Moore & Giles and Peter Millar Trunk Show Atlanta ""","""Moore & Giles and Peter Millar Trunk Show Atlanta <img src=""{{media url=""wysiwyg/mooregilespetermillar_socailmedia_15.jpg""}}"" alt="""" />""","""BRAD WEITZ""","""publication""","""2015-10-16 19:57:33""","""2015-10-16 19:58:13""","""2015-10-16 19:57:33""",0,"""Moore & Giles and Peter Millar Trunk Show Atlanta ""","""Moore & Giles and Peter Millar Trunk Show Atlanta ""","""""","insert into aw_blog_post values(26, ""Moore & Giles and Peter Millar Trunk Show Atlanta "", ""26i"", ""Moore & Giles and Peter Millar Trunk Show Atlanta "", ""Moore & Giles and Peter Millar Trunk Show Atlanta <img src=""{{media url=""wysiwyg/mooregilespetermillar_socailmedia_15.jpg""}}"" alt="""" />"", ""BRAD WEITZ"", ""publication"", ""2015-10-16 19:57:33"", ""2015-10-16 19:58:13"", ""2015-10-16 19:57:33"", 0, ""Moore & Giles and Peter Millar Trunk Show Atlanta "", ""Moore & Giles and Peter Millar Trunk Show Atlanta "", """")"
27,"""November Events Charlotte ""","""26b""","""November Events Charlotte ""","""November Events Charlotte <img src=""{{media url=""wysiwyg/chrablastnovblast.jpg""}}"" alt="""" />""","""BRAD WEITZ""","""publication""","""2015-11-03 18:10:00""","""""","""2015-11-03 18:10:00""",0,"""November Events Charlotte ""","""November Events Charlotte ""","""""","insert into aw_blog_post values(27, ""November Events Charlotte "", ""26b"", ""November Events Charlotte "", ""November Events Charlotte <img src=""{{media url=""wysiwyg/chrablastnovblast.jpg""}}"" alt="""" />"", ""BRAD WEITZ"", ""publication"", ""2015-11-03 18:10:00"", """", ""2015-11-03 18:10:00"", 0, ""November Events Charlotte "", ""November Events Charlotte "", """")"
28,"""November Events Atlanta ""","""26a""","""November Events Atlanta ""","""<img src=""{{media url=""wysiwyg/novtrunkshowatl.jpg""}}"" alt="""" />""","""BRAD WEITZ""","""publication""","""2015-11-03 18:12:49""","""""","""2015-11-03 18:12:49""",0,"""November Events Atlanta ""","""November Events Atlanta ""","""""","insert into aw_blog_post values(28, ""November Events Atlanta "", ""26a"", ""November Events Atlanta "", ""<img src=""{{media url=""wysiwyg/novtrunkshowatl.jpg""}}"" alt="""" />"", ""BRAD WEITZ"", ""publication"", ""2015-11-03 18:12:49"", """", ""2015-11-03 18:12:49"", 0, ""November Events Atlanta "", ""November Events Atlanta "", """")"
29,"""December Events Atlanta ""","""27a""","""December Events Atlanta ""","""<img src=""{{media url=""wysiwyg/Decfalleventsatl15fronttb.jpg""}}"" alt="""" />""","""BRAD WEITZ""","""publication""","""2015-11-25 17:04:43""","""""","""2015-11-25 17:04:43""",0,"""December Events Atlanta ""","""December Events Atlanta ""","""""","insert into aw_blog_post values(29, ""December Events Atlanta "", ""27a"", ""December Events Atlanta "", ""<img src=""{{media url=""wysiwyg/Decfalleventsatl15fronttb.jpg""}}"" alt="""" />"", ""BRAD WEITZ"", ""publication"", ""2015-11-25 17:04:43"", """", ""2015-11-25 17:04:43"", 0, ""December Events Atlanta "", ""December Events Atlanta "", """")"
30,"""Atlanta & Charlotte Holiday Hours ""","""27b""","""Atlanta & Charlotte Holiday Hours ""","""<img src=""{{media url=""wysiwyg/Hoilday_Sign.jpg""}}"" alt="""" />""","""BRAD WEITZ""","""publication""","""2015-11-25 17:06:42""","""""","""2015-11-25 17:06:42""",0,"""Atlanta & Charlotte Holiday Hours ""","""Atlanta & Charlotte Holiday Hours ""","""""","insert into aw_blog_post values(30, ""Atlanta & Charlotte Holiday Hours "", ""27b"", ""Atlanta & Charlotte Holiday Hours "", ""<img src=""{{media url=""wysiwyg/Hoilday_Sign.jpg""}}"" alt="""" />"", ""BRAD WEITZ"", ""publication"", ""2015-11-25 17:06:42"", """", ""2015-11-25 17:06:42"", 0, ""Atlanta & Charlotte Holiday Hours "", ""Atlanta & Charlotte Holiday Hours "", """")"
31,"""Atlanta You’re Invited; To Our Two Day Valentine’s Event! ""","""29a""","""You’re Invited; To Our Two Day Valentine’s Event! ""","""<img src=""{{media url=""wysiwyg/vday16atlanta.jpg""}}"" alt="""" />""","""BRAD WEITZ""","""publication""","""2016-02-10 19:14:21""","""2016-02-10 19:35:35""","""2016-02-10 19:14:21""",0,"""Atlanta You’re Invited; To Our Two Day Valentine’s Event! ""","""Atlanta You’re Invited; To Our Two Day Valentine’s Event! ""","""""","insert into aw_blog_post values(31, ""Atlanta You’re Invited; To Our Two Day Valentine’s Event! "", ""29a"", ""You’re Invited; To Our Two Day Valentine’s Event! "", ""<img src=""{{media url=""wysiwyg/vday16atlanta.jpg""}}"" alt="""" />"", ""BRAD WEITZ"", ""publication"", ""2016-02-10 19:14:21"", ""2016-02-10 19:35:35"", ""2016-02-10 19:14:21"", 0, ""Atlanta You’re Invited; To Our Two Day Valentine’s Event! "", ""Atlanta You’re Invited; To Our Two Day Valentine’s Event! "", """")"
32,"""Charlotte You’re Invited; To Our Two Day Valentine’s Event! ""","""29b""","""You’re Invited; To Our Two Day Valentine’s Event! ""","""<img src=""{{media url=""wysiwyg/vdaytrunkshow_board16emailblsttemp.jpg""}}"" alt="""" />""","""BRAD WEITZ""","""publication""","""2016-02-10 19:30:03""","""2016-02-10 19:36:07""","""2016-02-10 19:30:03""",0,"""Charlotte You’re Invited; To Our Two Day Valentine’s Event! ""","""Charlotte You’re Invited; To Our Two Day Valentine’s Event! ""","""""","insert into aw_blog_post values(32, ""Charlotte You’re Invited; To Our Two Day Valentine’s Event! "", ""29b"", ""You’re Invited; To Our Two Day Valentine’s Event! "", ""<img src=""{{media url=""wysiwyg/vdaytrunkshow_board16emailblsttemp.jpg""}}"" alt="""" />"", ""BRAD WEITZ"", ""publication"", ""2016-02-10 19:30:03"", ""2016-02-10 19:36:07"", ""2016-02-10 19:30:03"", 0, ""Charlotte You’re Invited; To Our Two Day Valentine’s Event! "", ""Charlotte You’re Invited; To Our Two Day Valentine’s Event! "", """")"
33,"""Charlotte ""","""29c""","""Charlotte Create Your Happily Ever After ""","""<img src=""{{media url=""wysiwyg/eblasttest.jpg""}}"" alt="""" />""","""BRAD WEITZ""","""publication""","""2016-03-07 22:42:31""","""2016-04-19 20:25:45""","""2016-03-07 22:42:31""",0,"""Charlotte ""","""Charlotte ""","""""","insert into aw_blog_post values(33, ""Charlotte "", ""29c"", ""Charlotte Create Your Happily Ever After "", ""<img src=""{{media url=""wysiwyg/eblasttest.jpg""}}"" alt="""" />"", ""BRAD WEITZ"", ""publication"", ""2016-03-07 22:42:31"", ""2016-04-19 20:25:45"", ""2016-03-07 22:42:31"", 0, ""Charlotte "", ""Charlotte "", """")"
34,"""Charlotte Mother's Day Trunk Shows ""","""29d""","""Charlotte Mother's Day Trunk Shows ""","""<img src=""{{media url=""wysiwyg/mothers_day_2016updateworkingimagestest1.jpg""}}"" alt="""" />""","""BRAD WEITZ""","""publication""","""2016-04-19 20:21:52""","""2016-04-19 20:24:53""","""2016-04-19 20:21:52""",0,"""Charlotte Mother's Day Trunk Shows ""","""Charlotte Mother's Day Trunk Shows ""","""""","insert into aw_blog_post values(34, ""Charlotte Mother's Day Trunk Shows "", ""29d"", ""Charlotte Mother's Day Trunk Shows "", ""<img src=""{{media url=""wysiwyg/mothers_day_2016updateworkingimagestest1.jpg""}}"" alt="""" />"", ""BRAD WEITZ"", ""publication"", ""2016-04-19 20:21:52"", ""2016-04-19 20:24:53"", ""2016-04-19 20:21:52"", 0, ""Charlotte Mother's Day Trunk Shows "", ""Charlotte Mother's Day Trunk Shows "", """")"
35,"""Celebration of fine art and Moroccan design !""","""29e""","""Atlanta Celebration of fine art and Moroccan design !""","""<img src=""{{media url=""wysiwyg/marchmoroccan2016.jpg""}}"" alt="""" />""","""BRAD WEITZ""","""publication""","""2016-04-22 16:21:08""","""""","""2016-04-22 16:21:08""",0,"""Celebration of fine art and Moroccan design !""","""Celebration of fine art and Moroccan design !""","""""","insert into aw_blog_post values(35, ""Celebration of fine art and Moroccan design !"", ""29e"", ""Atlanta Celebration of fine art and Moroccan design !"", ""<img src=""{{media url=""wysiwyg/marchmoroccan2016.jpg""}}"" alt="""" />"", ""BRAD WEITZ"", ""publication"", ""2016-04-22 16:21:08"", """", ""2016-04-22 16:21:08"", 0, ""Celebration of fine art and Moroccan design !"", ""Celebration of fine art and Moroccan design !"", """")"
36,"""Atlanta Mother's Day Trunk Show ""","""29f""","""Atlanta Mother's Day Trunk Show ""","""<img src=""{{media url=""wysiwyg/atlantamothersday2016.jpg""}}"" alt="""" />""","""BRAD WEITZ""","""publication""","""2016-04-28 20:23:29""","""2016-04-28 20:27:25""","""2016-04-28 20:23:29""",0,"""Atlanta Mother's Day Trunk Show ""","""Atlanta Mother's Day Trunk Show ""","""""","insert into aw_blog_post values(36, ""Atlanta Mother's Day Trunk Show "", ""29f"", ""Atlanta Mother's Day Trunk Show "", ""<img src=""{{media url=""wysiwyg/atlantamothersday2016.jpg""}}"" alt="""" />"", ""BRAD WEITZ"", ""publication"", ""2016-04-28 20:23:29"", ""2016-04-28 20:27:25"", ""2016-04-28 20:23:29"", 0, ""Atlanta Mother's Day Trunk Show "", ""Atlanta Mother's Day Trunk Show "", """")"
37,"""Atlanta / Charlotte ""","""30a""","""Father's Day Event Atlanta & Charlotte ""","""<img src=""{{media url=""wysiwyg/FATHERSDAY2016.jpg""}}"" alt="""" />""","""BRAD WEITZ""","""publication""","""2016-06-06 16:09:36""","""""","""2016-06-06 16:09:36""",0,"""Atlanta / Charlotte ""","""Atlanta / Charlotte ""","""""","insert into aw_blog_post values(37, ""Atlanta / Charlotte "", ""30a"", ""Father's Day Event Atlanta & Charlotte "", ""<img src=""{{media url=""wysiwyg/FATHERSDAY2016.jpg""}}"" alt="""" />"", ""BRAD WEITZ"", ""publication"", ""2016-06-06 16:09:36"", """", ""2016-06-06 16:09:36"", 0, ""Atlanta / Charlotte "", ""Atlanta / Charlotte "", """")"
38,"""Atlanta Dream Designer Pop Up Sale ""","""31a""","""<p style=""text-align: center;"">B.D. Jeffries has teamed up with renowned designers Suzanne Kasler, Barbara Westbrook and Amy Morris to create a 4 day pop-up shop full of treasures for your home at fabulous SALE prices! Wednesday, August 17th - Saturday, August 20th 10 - 6 pm Just a few doors down from B.D. Jeffries in Powers Ferry Square. Look for the white tent!</p>""","""<img src=""{{media url=""wysiwyg/Frontsummersale2016blast.jpg""}}"" alt="""" />""","""BRAD WEITZ""","""publication""","""2016-08-10 15:10:44""","""2016-08-10 15:30:10""","""2016-08-10 15:10:44""",0,"""Atlanta Dream Designer Pop Up Sale ""","""Atlanta Dream Designer Pop Up Sale ""","""""","insert into aw_blog_post values(38, ""Atlanta Dream Designer Pop Up Sale "", ""31a"", ""<p style=""text-align: center;"">B.D. Jeffries has teamed up with renowned designers Suzanne Kasler, Barbara Westbrook and Amy Morris to create a 4 day pop-up shop full of treasures for your home at fabulous SALE prices! Wednesday, August 17th - Saturday, August 20th 10 - 6 pm Just a few doors down from B.D. Jeffries in Powers Ferry Square. Look for the white tent!</p>"", ""<img src=""{{media url=""wysiwyg/Frontsummersale2016blast.jpg""}}"" alt="""" />"", ""BRAD WEITZ"", ""publication"", ""2016-08-10 15:10:44"", ""2016-08-10 15:30:10"", ""2016-08-10 15:10:44"", 0, ""Atlanta Dream Designer Pop Up Sale "", ""Atlanta Dream Designer Pop Up Sale "", """")"
39,"""Atlanta Summer Side Walk Sale ! ""","""31b""","""Summer Side Walk Sale ""","""<img src=""{{media url=""wysiwyg/sidewalksale2016.jpg""}}"" alt="""" />""","""BRAD WEITZ""","""publication""","""2016-08-18 16:32:05""","""2016-08-18 16:33:33""","""2016-08-18 16:32:05""",0,"""Atlanta Summer Side Walk Sale ! ""","""Atlanta Summer Side Walk Sale ! ""","""""","insert into aw_blog_post values(39, ""Atlanta Summer Side Walk Sale ! "", ""31b"", ""Summer Side Walk Sale "", ""<img src=""{{media url=""wysiwyg/sidewalksale2016.jpg""}}"" alt="""" />"", ""BRAD WEITZ"", ""publication"", ""2016-08-18 16:32:05"", ""2016-08-18 16:33:33"", ""2016-08-18 16:32:05"", 0, ""Atlanta Summer Side Walk Sale ! "", ""Atlanta Summer Side Walk Sale ! "", """")"
40,"""Charlotte Art Exhibt & Jewelry Trunk Show !""","""22e""","""Charlotte Art Exhibt & Jewelry Trunk Show !""","""<img src=""{{media url=""wysiwyg/charlboardfall2016.jpg""}}"" alt="""" />""","""BRAD WEITZ""","""publication""","""2016-10-07 20:19:54""","""2016-10-07 20:21:42""","""2016-10-07 20:19:54""",0,"""Charlotte Art Exhibt & Jewelry Trunk Show !""","""Charlotte Art Exhibt & Jewelry Trunk Show !""","""""","insert into aw_blog_post values(40, ""Charlotte Art Exhibt & Jewelry Trunk Show !"", ""22e"", ""Charlotte Art Exhibt & Jewelry Trunk Show !"", ""<img src=""{{media url=""wysiwyg/charlboardfall2016.jpg""}}"" alt="""" />"", ""BRAD WEITZ"", ""publication"", ""2016-10-07 20:19:54"", ""2016-10-07 20:21:42"", ""2016-10-07 20:19:54"", 0, ""Charlotte Art Exhibt & Jewelry Trunk Show !"", ""Charlotte Art Exhibt & Jewelry Trunk Show !"", """")"
41,"""Atlanta Trunk Show featuring Moore & Giles & Peter Millar ""","""29g""","""Atlanta Trunk Show featuring Moore & Giles & Peter Millar ""","""<img src=""{{media url=""wysiwyg/Mooregilespetermillar_trunk_show16.jpg""}}"" alt="""" />""","""BRAD WEITZ""","""publication""","""2016-10-25 17:27:15""","""""","""2016-10-25 17:27:15""",0,"""Atlanta Trunk Show featuring Moore & Giles & Peter Millar ""","""Atlanta Trunk Show featuring Moore & Giles & Peter Millar ""","""""","insert into aw_blog_post values(41, ""Atlanta Trunk Show featuring Moore & Giles & Peter Millar "", ""29g"", ""Atlanta Trunk Show featuring Moore & Giles & Peter Millar "", ""<img src=""{{media url=""wysiwyg/Mooregilespetermillar_trunk_show16.jpg""}}"" alt="""" />"", ""BRAD WEITZ"", ""publication"", ""2016-10-25 17:27:15"", """", ""2016-10-25 17:27:15"", 0, ""Atlanta Trunk Show featuring Moore & Giles & Peter Millar "", ""Atlanta Trunk Show featuring Moore & Giles & Peter Millar "", """")"
42,"""Charlotte Join us for our 18th Anniversary Sale ! ""","""29h""","""Join us for our 18th Anniversary Sale ! ""","""<img src=""{{media url=""wysiwyg/anniversarysale2016.jpg""}}"" alt="""" />""","""BRAD WEITZ""","""publication""","""2016-11-01 15:38:28""","""2016-11-01 15:41:51""","""2016-11-01 15:38:28""",0,"""Charlotte Join us for our 18th Anniversary Sale ! ""","""Charlotte Join us for our 18th Anniversary Sale ! ""","""""","insert into aw_blog_post values(42, ""Charlotte Join us for our 18th Anniversary Sale ! "", ""29h"", ""Join us for our 18th Anniversary Sale ! "", ""<img src=""{{media url=""wysiwyg/anniversarysale2016.jpg""}}"" alt="""" />"", ""BRAD WEITZ"", ""publication"", ""2016-11-01 15:38:28"", ""2016-11-01 15:41:51"", ""2016-11-01 15:38:28"", 0, ""Charlotte Join us for our 18th Anniversary Sale ! "", ""Charlotte Join us for our 18th Anniversary Sale ! "", """")"
43,"""Atlanta Celebrate Stylish Living & Giving !""","""29j""","""Atlanta Celebrate Stylish Living & Giving !""","""<img src=""{{media url=""wysiwyg/Blast.jpg""}}"" alt="""" />""","""BRAD WEITZ""","""publication""","""2016-11-04 19:28:37""","""2016-11-04 19:29:31""","""2016-11-04 19:28:37""",0,"""Atlanta Celebrate Stylish Living & Giving !""","""Atlanta Celebrate Stylish Living & Giving !""","""""","insert into aw_blog_post values(43, ""Atlanta Celebrate Stylish Living & Giving !"", ""29j"", ""Atlanta Celebrate Stylish Living & Giving !"", ""<img src=""{{media url=""wysiwyg/Blast.jpg""}}"" alt="""" />"", ""BRAD WEITZ"", ""publication"", ""2016-11-04 19:28:37"", ""2016-11-04 19:29:31"", ""2016-11-04 19:28:37"", 0, ""Atlanta Celebrate Stylish Living & Giving !"", ""Atlanta Celebrate Stylish Living & Giving !"", """")"
44,"""Charlotte December Events !""","""29i""","""Charlotte December Events !""","""<img src=""{{media url=""wysiwyg/charlottefrontdecevent2016mooregilesupdate3.jpg""}}"" alt="""" />""","""BRAD WEITZ""","""publication""","""2016-11-25 16:01:01""","""2016-11-25 16:04:30""","""2016-11-25 16:01:01""",0,"""Charlotte December Events !""","""Charlotte December Events !""","""""","insert into aw_blog_post values(44, ""Charlotte December Events !"", ""29i"", ""Charlotte December Events !"", ""<img src=""{{media url=""wysiwyg/charlottefrontdecevent2016mooregilesupdate3.jpg""}}"" alt="""" />"", ""BRAD WEITZ"", ""publication"", ""2016-11-25 16:01:01"", ""2016-11-25 16:04:30"", ""2016-11-25 16:01:01"", 0, ""Charlotte December Events !"", ""Charlotte December Events !"", """")"
45,"""Atlanta Linda Richards & Moo Moo Designs Trunk Show ""","""31c""","""Atlanta Linda Richards & Moo Moo Designs Trunk Show""","""<img src=""{{media url=""wysiwyg/Decfalleventsatleblastandpostlindarichards.jpg""}}"" alt="""" />""","""BRAD WEITZ""","""publication""","""2016-11-28 17:52:46""","""""","""2016-11-28 17:52:46""",0,"""Atlanta Linda Richards & Moo Moo Designs Trunk Show ""","""Atlanta Linda Richards & Moo Moo Designs Trunk Show ""","""""","insert into aw_blog_post values(45, ""Atlanta Linda Richards & Moo Moo Designs Trunk Show "", ""31c"", ""Atlanta Linda Richards & Moo Moo Designs Trunk Show"", ""<img src=""{{media url=""wysiwyg/Decfalleventsatleblastandpostlindarichards.jpg""}}"" alt="""" />"", ""BRAD WEITZ"", ""publication"", ""2016-11-28 17:52:46"", """", ""2016-11-28 17:52:46"", 0, ""Atlanta Linda Richards & Moo Moo Designs Trunk Show "", ""Atlanta Linda Richards & Moo Moo Designs Trunk Show "", """")"
46,"""Atlanta Amelia Handegan Book Signing ""","""29GG""","""""","""""","""BRAD WEITZ""","""publication""","""2017-01-16 16:06:38""","""2017-02-08 18:12:07""","""2017-01-16 16:06:38""",0,"""Atlanta Amelia Handegan Book Signing ""","""Atlanta Amelia Handegan Book Signing ""","""""","insert into aw_blog_post values(46, ""Atlanta Amelia Handegan Book Signing "", ""29GG"", """", """", ""BRAD WEITZ"", ""publication"", ""2017-01-16 16:06:38"", ""2017-02-08 18:12:07"", ""2017-01-16 16:06:38"", 0, ""Atlanta Amelia Handegan Book Signing "", ""Atlanta Amelia Handegan Book Signing "", """")"
47,"""Atlanta Stones Jewelry Trunks Show ""","""36h""","""Stones Jewelry Trunks Show February 11th, 13th & 14th ""","""<img src=""{{media url=""wysiwyg/stonesemailblast.jpg""}}"" alt="""" /><img src=""{{media url=""wysiwyg/stonesemailblast.jpg""}}"" alt="""" />""","""BRAD WEITZ""","""publication""","""2017-02-08 17:44:35""","""""","""2017-02-08 17:44:35""",0,"""Atlanta Stones Jewelry Trunks Show ""","""Atlanta Stones Jewelry Trunks Show ""","""""","insert into aw_blog_post values(47, ""Atlanta Stones Jewelry Trunks Show "", ""36h"", ""Stones Jewelry Trunks Show February 11th, 13th & 14th "", ""<img src=""{{media url=""wysiwyg/stonesemailblast.jpg""}}"" alt="""" /><img src=""{{media url=""wysiwyg/stonesemailblast.jpg""}}"" alt="""" />"", ""BRAD WEITZ"", ""publication"", ""2017-02-08 17:44:35"", """", ""2017-02-08 17:44:35"", 0, ""Atlanta Stones Jewelry Trunks Show "", ""Atlanta Stones Jewelry Trunks Show "", """")"
48,"""Charlotte Watts Jewelry Trunk Show ""","""36k""","""Watts Jewelry Trunks Show February 11th, 13th & 14th""","""<img src=""{{media url=""wysiwyg/wattsemailblast.jpgsmall.jpg""}}"" alt="""" /><img src=""{{media url=""wysiwyg/wattsemailblast.jpgsmall.jpg""}}"" alt="""" />""","""BRAD WEITZ""","""publication""","""2017-02-08 18:06:21""","""2017-02-08 18:51:49""","""2017-02-08 18:06:21""",0,"""Charlotte Watts Jewelry Trunk Show ""","""Charlotte Watts Jewelry Trunk Show ""","""""","insert into aw_blog_post values(48, ""Charlotte Watts Jewelry Trunk Show "", ""36k"", ""Watts Jewelry Trunks Show February 11th, 13th & 14th"", ""<img src=""{{media url=""wysiwyg/wattsemailblast.jpgsmall.jpg""}}"" alt="""" /><img src=""{{media url=""wysiwyg/wattsemailblast.jpgsmall.jpg""}}"" alt="""" />"", ""BRAD WEITZ"", ""publication"", ""2017-02-08 18:06:21"", ""2017-02-08 18:51:49"", ""2017-02-08 18:06:21"", 0, ""Charlotte Watts Jewelry Trunk Show "", ""Charlotte Watts Jewelry Trunk Show "", """")"
49,"""Atlanta May Events ""","""29Gh""","""Atlanta May Events!""","""<img src=""{{media url=""wysiwyg/motherdayboard2017atlanta.jpg""}}"" alt="""" />""","""BRAD WEITZ""","""publication""","""2017-05-01 16:11:00""","""""","""2017-05-01 16:11:00""",0,"""Atlanta May Events ""","""Atlanta May Events ""","""""","insert into aw_blog_post values(49, ""Atlanta May Events "", ""29Gh"", ""Atlanta May Events!"", ""<img src=""{{media url=""wysiwyg/motherdayboard2017atlanta.jpg""}}"" alt="""" />"", ""BRAD WEITZ"", ""publication"", ""2017-05-01 16:11:00"", """", ""2017-05-01 16:11:00"", 0, ""Atlanta May Events "", ""Atlanta May Events "", """")"
50,"""Charlotte May Events ! ""","""29Gj""","""Charlotte May Events ! ""","""<img src=""{{media url=""wysiwyg/motherstrunksshow2017front.jpg""}}"" alt="""" />""","""BRAD WEITZ""","""publication""","""2017-05-01 16:13:38""","""2017-05-01 16:16:44""","""2017-05-01 16:13:38""",0,"""Charlotte May Events ! ""","""Charlotte May Events ! ""","""""","insert into aw_blog_post values(50, ""Charlotte May Events ! "", ""29Gj"", ""Charlotte May Events ! "", ""<img src=""{{media url=""wysiwyg/motherstrunksshow2017front.jpg""}}"" alt="""" />"", ""BRAD WEITZ"", ""publication"", ""2017-05-01 16:13:38"", ""2017-05-01 16:16:44"", ""2017-05-01 16:13:38"", 0, ""Charlotte May Events ! "", ""Charlotte May Events ! "", """")"
